{"initial_reset_timestamp": 1530603853.3426461, "timestamps": [1530603859.615262, 1530603866.619477, 1530603866.84613, 1530603866.923603, 1530603867.001119, 1530603867.078589, 1530603867.1559172, 1530603867.236435, 1530603873.28645, 1530603873.511441, 1530603873.5891058, 1530603873.666757, 1530603873.744411, 1530603873.821654, 1530603873.899168, 1530603873.976684, 1530603874.0542889, 1530603874.1316512, 1530603874.20925, 1530603874.287804, 1530603874.3652349, 1530603874.443122, 1530603874.522187, 1530603874.5995991, 1530603874.696432, 1530603874.7720032, 1530603874.84917, 1530603880.845345, 1530603881.062401, 1530603881.139871, 1530603881.217354, 1530603881.294713, 1530603881.372226, 1530603881.4503832, 1530603881.5289118, 1530603881.606242, 1530603881.6835, 1530603881.7609012, 1530603881.8390899, 1530603881.916926, 1530603881.994133, 1530603882.071737, 1530603882.1492329, 1530603882.227419, 1530603882.305341, 1530603882.3827982, 1530603882.461067, 1530603882.5385852, 1530603882.6159549, 1530603882.693641, 1530603882.770944, 1530603882.84801, 1530603882.925388, 1530603883.001992, 1530603883.079212, 1530603883.156505, 1530603883.2346618, 1530603883.3122401, 1530603883.389847, 1530603883.467476, 1530603883.544873, 1530603883.622197, 1530603883.700278, 1530603883.777785, 1530603889.9870641, 1530603890.20556, 1530603890.283631, 1530603890.3611531, 1530603890.439314, 1530603890.518629, 1530603890.597915, 1530603890.675898, 1530603890.754417, 1530603890.8326669, 1530603890.910796, 1530603890.989377, 1530603891.067138, 1530603891.144614, 1530603891.2218938, 1530603891.307863, 1530603891.388459, 1530603891.466212, 1530603891.543672, 1530603891.621498, 1530603891.699293, 1530603891.7766871, 1530603891.854683, 1530603891.9326458, 1530603892.010185, 1530603892.087701, 1530603892.164971, 1530603892.242923, 1530603892.321679, 1530603892.398465, 1530603892.475656, 1530603892.552775, 1530603892.629905, 1530603892.7079492, 1530603892.785782, 1530603892.863499], "episode_lengths": [200, 200, 200, 200, 200, 200, 200, 200, 200, 200, 200, 200, 200, 200, 200, 200, 200, 200, 200, 200, 200, 200, 200, 200, 200, 200, 200, 200, 200, 200, 200, 200, 200, 200, 200, 200, 200, 200, 200, 200, 200, 200, 200, 200, 200, 200, 200, 200, 200, 200, 200, 200, 200, 200, 200, 200, 200, 200, 200, 200, 200, 200, 200, 200, 200, 200, 200, 200, 200, 200, 200, 200, 200, 200, 200, 200, 200, 200, 200, 200, 200, 200, 200, 200, 200, 200, 200, 200, 200, 200, 200, 200, 200, 200, 200, 200, 200, 200, 200, 200], "episode_rewards": [200.0, 200.0, 200.0, 200.0, 200.0, 200.0, 200.0, 200.0, 200.0, 200.0, 200.0, 200.0, 200.0, 200.0, 200.0, 200.0, 200.0, 200.0, 200.0, 200.0, 200.0, 200.0, 200.0, 200.0, 200.0, 200.0, 200.0, 200.0, 200.0, 200.0, 200.0, 200.0, 200.0, 200.0, 200.0, 200.0, 200.0, 200.0, 200.0, 200.0, 200.0, 200.0, 200.0, 200.0, 200.0, 200.0, 200.0, 200.0, 200.0, 200.0, 200.0, 200.0, 200.0, 200.0, 200.0, 200.0, 200.0, 200.0, 200.0, 200.0, 200.0, 200.0, 200.0, 200.0, 200.0, 200.0, 200.0, 200.0, 200.0, 200.0, 200.0, 200.0, 200.0, 200.0, 200.0, 200.0, 200.0, 200.0, 200.0, 200.0, 200.0, 200.0, 200.0, 200.0, 200.0, 200.0, 200.0, 200.0, 200.0, 200.0, 200.0, 200.0, 200.0, 200.0, 200.0, 200.0, 200.0, 200.0, 200.0, 200.0], "episode_types": ["t", "t", "t", "t", "t", "t", "t", "t", "t", "t", "t", "t", "t", "t", "t", "t", "t", "t", "t", "t", "t", "t", "t", "t", "t", "t", "t", "t", "t", "t", "t", "t", "t", "t", "t", "t", "t", "t", "t", "t", "t", "t", "t", "t", "t", "t", "t", "t", "t", "t", "t", "t", "t", "t", "t", "t", "t", "t", "t", "t", "t", "t", "t", "t", "t", "t", "t", "t", "t", "t", "t", "t", "t", "t", "t", "t", "t", "t", "t", "t", "t", "t", "t", "t", "t", "t", "t", "t", "t", "t", "t", "t", "t", "t", "t", "t", "t", "t", "t", "t"]}